{
    "exp(-1/n)_-2.6_0.3333333333333333_[4/15,_1/10,_1/120]": {
        "G_c": -2.46301869964355,
        "n_c": 1.0,
        "n_l": 1.5109412425304467,
        "n_g": 0.6702295020844407,
        "p_0": 0.15764619579266514,
        "sigma_f": 0.0045796074761975634
    },
    "exp(-1/n)_-2.6_0.3333333333333333_[19/60,_1/15,_-1/240,_1/120,_-1/480]": {
        "G_c": -2.46301869964355,
        "n_c": 1.0,
        "n_l": 1.5109412425304467,
        "n_g": 0.6702295020844407,
        "p_0": 0.15764619579266514,
        "sigma_f": 0.0045796074761975634
    },
    "exp(-1/n)_-2.6_0.3333333333333333_[4/21,_4/45,_1/60,_2/315,_1/5040]": {
        "G_c": -2.46301869964355,
        "n_c": 1.0,
        "n_l": 1.5135680294397231,
        "n_g": 0.6722200315752892,
        "p_0": 0.15772603260946239,
        "sigma_f": 0.0057124706053652
    },
    "exp(-1/n)_-2.6_0.3333333333333333_[4/15,_4/105,_-1/420,_2/105,_-1/336]": {
        "G_c": -2.46301869964355,
        "n_c": 1.0,
        "n_l": 1.5135680294397231,
        "n_g": 0.6722200315752892,
        "p_0": 0.15772603260946239,
        "sigma_f": 0.0057124706053652
    },
    "exp(-1/n)_-2.6_0.3333333333333333_[262/1785,_93/1190,_7/340,_6/595,_9/9520,_2/5355,_1/7140]": {
        "G_c": -2.46301869964355,
        "n_c": 1.0,
        "n_l": 1.514879037627713,
        "n_g": 0.6732385240616885,
        "p_0": 0.1577662288854329,
        "sigma_f": 0.006477550040345689
    },
    "exp(-1/n)_-2.6_0.3333333333333333_[58/255,_4/255,_-1/1020,_7/255,_-1/272]": {
        "G_c": -2.46301869964355,
        "n_c": 1.0,
        "n_l": 1.514879037627713,
        "n_g": 0.6732385240616885,
        "p_0": 0.1577662288854329,
        "sigma_f": 0.006477550040345689
    },
    "exp(-1/n)_-2.6_0.3333333333333333_[68/585,_68/1001,_1/45,_62/5005,_1/520,_4/4095,_2/4095,_2/45045,_1/480480,_0]": {
        "G_c": -2.46301869964355,
        "n_c": 1.0,
        "n_l": 1.5158209300171448,
        "n_g": 0.6739809347757383,
        "p_0": 0.1577952519108094,
        "sigma_f": 0.007161627202550248
    },
    "exp(-1/n)_-2.6_0.3333333333333333_[254419/1350390,_-4474/675195,_2237/5401560,_96737/2700780,_-1575/360104]": {
        "G_c": -2.46301869964355,
        "n_c": 1.0,
        "n_l": 1.515824565715568,
        "n_g": 0.6739838180740961,
        "p_0": 0.1577953641728982,
        "sigma_f": 0.007164551952544931
    },
    "exp(-1/n)_-3.1_0.3333333333333333_[4/15,_1/10,_1/120]": {
        "G_c": -2.46301869964355,
        "n_c": 1.0,
        "n_l": 2.4215388430355436,
        "n_g": 0.43006165694367415,
        "p_0": 0.1285407512630269,
        "sigma_f": 0.04376092917271107
    },
    "exp(-1/n)_-3.1_0.3333333333333333_[19/60,_1/15,_-1/240,_1/120,_-1/480]": {
        "G_c": -2.46301869964355,
        "n_c": 1.0,
        "n_l": 2.4215388430355436,
        "n_g": 0.43006165694367415,
        "p_0": 0.1285407512630269,
        "sigma_f": 0.043760929172711065
    },
    "exp(-1/n)_-3.1_0.3333333333333333_[4/21,_4/45,_1/60,_2/315,_1/5040]": {
        "G_c": -2.46301869964355,
        "n_c": 1.0,
        "n_l": 2.4353222349681207,
        "n_g": 0.438431644669087,
        "p_0": 0.1299554693756788,
        "sigma_f": 0.053962650786979045
    },
    "exp(-1/n)_-3.1_0.3333333333333333_[4/15,_4/105,_-1/420,_2/105,_-1/336]": {
        "G_c": -2.46301869964355,
        "n_c": 1.0,
        "n_l": 2.4353222349681207,
        "n_g": 0.438431644669087,
        "p_0": 0.1299554693756788,
        "sigma_f": 0.053962650786979045
    },
    "exp(-1/n)_-3.1_0.3333333333333333_[262/1785,_93/1190,_7/340,_6/595,_9/9520,_2/5355,_1/7140]": {
        "G_c": -2.46301869964355,
        "n_c": 1.0,
        "n_l": 2.441911483258142,
        "n_g": 0.44263098758413233,
        "p_0": 0.13063926607508314,
        "sigma_f": 0.06080926769008053
    },
    "exp(-1/n)_-3.1_0.3333333333333333_[58/255,_4/255,_-1/1020,_7/255,_-1/272]": {
        "G_c": -2.46301869964355,
        "n_c": 1.0,
        "n_l": 2.441911483258142,
        "n_g": 0.44263098758413233,
        "p_0": 0.13063926607508314,
        "sigma_f": 0.06080926769008053
    },
    "exp(-1/n)_-3.1_0.3333333333333333_[68/585,_68/1001,_1/45,_62/5005,_1/520,_4/4095,_2/4095,_2/45045,_1/480480,_0]": {
        "G_c": -2.46301869964355,
        "n_c": 1.0,
        "n_l": 2.4465231457235648,
        "n_g": 0.44565341769271577,
        "p_0": 0.13112070352052674,
        "sigma_f": 0.06691740552007903
    },
    "exp(-1/n)_-3.1_0.3333333333333333_[254419/1350390,_-4474/675195,_2237/5401560,_96737/2700780,_-1575/360104]": {
        "G_c": -2.46301869964355,
        "n_c": 1.0,
        "n_l": 2.446540746715355,
        "n_g": 0.4456650904789415,
        "p_0": 0.13112254549457159,
        "sigma_f": 0.06694350490145227
    },
    "exp(-1/n)_-3.6_0.3333333333333333_[4/15,_1/10,_1/120]": {
        "G_c": -2.46301869964355,
        "n_c": 1.0,
        "n_l": 3.2094564762725213,
        "n_g": 0.32524754415041274,
        "p_0": 0.10457236327287833,
        "sigma_f": 0.09998333182716705
    },
    "exp(-1/n)_-3.6_0.3333333333333333_[19/60,_1/15,_-1/240,_1/120,_-1/480]": {
        "G_c": -2.46301869964355,
        "n_c": 1.0,
        "n_l": 3.2094564762725213,
        "n_g": 0.32524754415041274,
        "p_0": 0.10457236327287833,
        "sigma_f": 0.09998333182716704
    },
    "exp(-1/n)_-3.6_0.3333333333333333_[4/21,_4/45,_1/60,_2/315,_1/5040]": {
        "G_c": -2.46301869964355,
        "n_c": 1.0,
        "n_l": 3.234780625598389,
        "n_g": 0.3399136856486635,
        "p_0": 0.10829326221807423,
        "sigma_f": 0.12207221943299669
    },
    "exp(-1/n)_-3.6_0.3333333333333333_[4/15,_4/105,_-1/420,_2/105,_-1/336]": {
        "G_c": -2.46301869964355,
        "n_c": 1.0,
        "n_l": 3.234780625598389,
        "n_g": 0.3399136856486635,
        "p_0": 0.10829326221807423,
        "sigma_f": 0.12207221943299669
    },
    "exp(-1/n)_-3.6_0.3333333333333333_[262/1785,_93/1190,_7/340,_6/595,_9/9520,_2/5355,_1/7140]": {
        "G_c": -2.46301869964355,
        "n_c": 1.0,
        "n_l": 3.246447372110771,
        "n_g": 0.34703780355969577,
        "p_0": 0.11002460191672203,
        "sigma_f": 0.1368533034301557
    },
    "exp(-1/n)_-3.6_0.3333333333333333_[58/255,_4/255,_-1/1020,_7/255,_-1/272]": {
        "G_c": -2.46301869964355,
        "n_c": 1.0,
        "n_l": 3.246447372110771,
        "n_g": 0.34703780355969577,
        "p_0": 0.11002460191672203,
        "sigma_f": 0.1368533034301557
    },
    "exp(-1/n)_-3.6_0.3333333333333333_[68/585,_68/1001,_1/45,_62/5005,_1/520,_4/4095,_2/4095,_2/45045,_1/480480,_0]": {
        "G_c": -2.46301869964355,
        "n_c": 1.0,
        "n_l": 3.254441022674583,
        "n_g": 0.3520723456673053,
        "p_0": 0.11121703992736243,
        "sigma_f": 0.15003697518620146
    },
    "exp(-1/n)_-3.6_0.3333333333333333_[254419/1350390,_-4474/675195,_2237/5401560,_96737/2700780,_-1575/360104]": {
        "G_c": -2.46301869964355,
        "n_c": 1.0,
        "n_l": 3.2544712596418464,
        "n_g": 0.3520916416415943,
        "p_0": 0.11122155998033711,
        "sigma_f": 0.15009331696720188
    },
    "1_-_exp(-n)_-1.4_0.3333333333333333_[4/15,_1/10,_1/120]": {
        "G_c": -1.3333333333333333,
        "n_c": 0.6931471805599453,
        "n_l": 1.1475827620768977,
        "n_g": 0.3696779205408824,
        "p_0": 0.05637060024507273,
        "sigma_f": 0.0038684300798073213
    },
    "1_-_exp(-n)_-1.4_0.3333333333333333_[19/60,_1/15,_-1/240,_1/120,_-1/480]": {
        "G_c": -1.3333333333333333,
        "n_c": 0.6931471805599453,
        "n_l": 1.1475827620768977,
        "n_g": 0.3696779205408824,
        "p_0": 0.05637060024507273,
        "sigma_f": 0.0038684300798073213
    },
    "1_-_exp(-n)_-1.4_0.3333333333333333_[4/21,_4/45,_1/60,_2/315,_1/5040]": {
        "G_c": -1.3333333333333333,
        "n_c": 0.6931471805599453,
        "n_l": 1.1497033192486927,
        "n_g": 0.3715583994422714,
        "p_0": 0.056434606660049624,